Country,Year,Happiness score,GDP per capita,Social support,Healthy life expectancy,Freedom to make life choices,Generosity,Perceptions of corruption
Finland,2018,7.632,1.305,1.592,0.874,0.681,0.202,0.393
Norway,2018,7.594,1.456,1.582,0.861,0.686,0.286,0.34
Denmark,2018,7.555,1.351,1.59,0.868,0.683,0.284,0.408
Iceland,2018,7.495,1.343,1.644,0.914,0.677,0.353,0.138
Switzerland,2018,7.487,1.42,1.549,0.927,0.66,0.256,0.357
Netherlands,2018,7.441,1.361,1.488,0.878,0.638,0.333,0.295
Canada,2018,7.328,1.33,1.532,0.896,0.653,0.321,0.291
New Zealand,2018,7.324,1.268,1.601,0.876,0.669,0.365,0.389
Sweden,2018,7.314,1.355,1.501,0.913,0.659,0.285,0.383
Australia,2018,7.272,1.34,1.573,0.91,0.647,0.361,0.302
United Kingdom,2018,7.19,1.244,1.433,0.888,0.464,0.262,0.082
Austria,2018,7.139,1.341,1.504,0.891,0.617,0.242,0.224
Costa Rica,2018,7.072,1.01,1.459,0.817,0.632,0.143,0.101
Ireland,2018,6.977,1.448,1.583,0.876,0.614,0.307,0.306
Germany,2018,6.965,1.34,1.474,0.861,0.586,0.273,0.28
Belgium,2018,6.927,1.324,1.483,0.894,0.583,0.188,0.24
Luxembourg,2018,6.91,1.576,1.52,0.896,0.632,0.196,0.321
United States,2018,6.886,1.398,1.471,0.819,0.547,0.291,0.133
Israel,2018,6.814,1.301,1.559,0.883,0.533,0.354,0.272
United Arab Emirates,2018,6.774,2.096,0.776,0.67,0.284,0.186,N/A
Czech Republic,2018,6.711,1.233,1.489,0.854,0.543,0.064,0.034
Malta,2018,6.627,1.27,1.525,0.884,0.645,0.376,0.142
France,2018,6.489,1.293,1.466,0.908,0.52,0.098,0.176
Mexico,2018,6.488,1.038,1.252,0.761,0.479,0.069,0.095
Chile,2018,6.476,1.131,1.331,0.808,0.431,0.197,0.061
Taiwan,2018,6.441,1.365,1.436,0.857,0.418,0.151,0.078
Panama,2018,6.43,1.112,1.438,0.759,0.597,0.125,0.063
Brazil,2018,6.419,0.986,1.474,0.675,0.493,0.11,0.088
Argentina,2018,6.388,1.073,1.468,0.744,0.57,0.062,0.054
Guatemala,2018,6.382,0.781,1.268,0.608,0.604,0.179,0.071
Uruguay,2018,6.379,1.093,1.459,0.771,0.625,0.13,0.155
Qatar,2018,6.374,1.649,1.303,0.748,0.654,0.256,0.171
Saudi Arabia,2018,6.371,1.379,1.331,0.633,0.509,0.098,0.127
Singapore,2018,6.343,1.529,1.451,1.008,0.631,0.261,0.457
Malaysia,2018,6.322,1.161,1.258,0.669,0.356,0.311,0.059
Spain,2018,6.31,1.251,1.538,0.965,0.449,0.142,0.074
Colombia,2018,6.26,0.96,1.439,0.635,0.531,0.099,0.039
Trinidad & Tobago,2018,6.192,1.223,1.492,0.564,0.575,0.171,0.019
Slovakia,2018,6.173,1.21,1.537,0.776,0.354,0.118,0.014
El Salvador,2018,6.167,0.806,1.231,0.639,0.461,0.065,0.082
Nicaragua,2018,6.141,0.668,1.319,0.7,0.527,0.208,0.128
Poland,2018,6.123,1.176,1.448,0.781,0.546,0.108,0.064
Bahrain,2018,6.105,1.338,1.366,0.698,0.594,0.243,0.123
Uzbekistan,2018,6.096,0.719,1.584,0.605,0.724,0.328,0.259
Kuwait,2018,6.083,1.474,1.301,0.675,0.554,0.167,0.106
Thailand,2018,6.072,1.016,1.417,0.707,0.637,0.364,0.029
Italy,2018,6,1.264,1.501,0.946,0.281,0.137,0.028
Ecuador,2018,5.973,0.889,1.33,0.736,0.556,0.114,0.12
Belize,2018,5.956,0.807,1.101,0.474,0.593,0.183,0.089
Lithuania,2018,5.952,1.197,1.527,0.716,0.35,0.026,0.006
Slovenia,2018,5.948,1.219,1.506,0.856,0.633,0.16,0.051
Romania,2018,5.945,1.116,1.219,0.726,0.528,0.088,0.001
Latvia,2018,5.933,1.148,1.454,0.671,0.363,0.092,0.066
Japan,2018,5.915,1.294,1.462,0.988,0.553,0.079,0.15
Mauritius,2018,5.891,1.09,1.387,0.684,0.584,0.245,0.05
Jamaica,2018,5.89,0.819,1.493,0.693,0.575,0.096,0.031
South Korea,2018,5.875,1.266,1.204,0.955,0.244,0.175,0.051
Northern Cyprus,2018,5.835,1.229,1.211,0.909,0.495,0.179,0.154
Russia,2018,5.81,1.151,1.479,0.599,0.399,0.065,0.025
Kazakhstan,2018,5.79,1.143,1.516,0.631,0.454,0.148,0.121
Cyprus,2018,5.762,1.229,1.191,0.909,0.423,0.202,0.035
Bolivia,2018,5.752,0.751,1.223,0.508,0.606,0.141,0.054
Estonia,2018,5.739,1.2,1.532,0.737,0.553,0.086,0.174
Paraguay,2018,5.681,0.835,1.522,0.615,0.541,0.162,0.074
Peru,2018,5.663,0.934,1.249,0.674,0.53,0.092,0.034
Kosovo,2018,5.662,0.855,1.23,0.578,0.448,0.274,0.023
Moldova,2018,5.64,0.657,1.301,0.62,0.232,0.171,0
Turkmenistan,2018,5.636,1.016,1.533,0.517,0.417,0.199,0.037
Hungary,2018,5.62,1.171,1.401,0.732,0.259,0.061,0.022
Libya,2018,5.566,0.985,1.35,0.553,0.496,0.116,0.148
Philippines,2018,5.524,0.775,1.312,0.513,0.643,0.12,0.105
Honduras,2018,5.504,0.62,1.205,0.622,0.459,0.197,0.074
Belarus,2018,5.483,1.039,1.498,0.7,0.307,0.101,0.154
Turkey,2018,5.483,1.148,1.38,0.686,0.324,0.106,0.109
Pakistan,2018,5.472,0.652,0.81,0.424,0.334,0.216,0.113
Hong Kong,2018,5.43,1.405,1.29,1.03,0.524,0.246,0.291
Portugal,2018,5.41,1.188,1.429,0.884,0.562,0.055,0.017
Serbia,2018,5.398,0.975,1.369,0.685,0.288,0.134,0.043
Greece,2018,5.358,1.154,1.202,0.879,0.131,0,0.044
Lebanon,2018,5.358,0.965,1.179,0.785,0.503,0.214,0.136
Montenegro,2018,5.347,1.017,1.279,0.729,0.259,0.111,0.081
Croatia,2018,5.321,1.115,1.161,0.737,0.38,0.12,0.039
Dominican Republic,2018,5.302,0.982,1.441,0.614,0.578,0.12,0.106
Algeria,2018,5.295,0.979,1.154,0.687,0.077,0.055,0.135
Morocco,2018,5.254,0.779,0.797,0.669,0.46,0.026,0.074
China,2018,5.246,0.989,1.142,0.799,0.597,0.029,0.103
Azerbaijan,2018,5.201,1.024,1.161,0.603,0.43,0.031,0.176
Tajikistan,2018,5.199,0.474,1.166,0.598,0.292,0.187,0.034
Macedonia,2018,5.185,0.959,1.239,0.691,0.394,0.173,0.052
Jordan,2018,5.161,0.822,1.265,0.645,0.468,0.13,0.134
Nigeria,2018,5.155,0.689,1.172,0.048,0.462,0.201,0.032
Kyrgyzstan,2018,5.131,0.53,1.416,0.594,0.54,0.281,0.035
Bosnia and Herzegovina,2018,5.129,0.915,1.078,0.758,0.28,0.216,0
Mongolia,2018,5.125,0.914,1.517,0.575,0.395,0.253,0.032
Vietnam,2018,5.103,0.715,1.365,0.702,0.618,0.177,0.079
Indonesia,2018,5.093,0.899,1.215,0.522,0.538,0.484,0.018
Bhutan,2018,5.082,0.796,1.335,0.527,0.541,0.364,0.171
Somalia,2018,4.982,0,0.712,0.115,0.674,0.238,0.282
Cameroon,2018,4.975,0.535,0.891,0.182,0.454,0.183,0.043
Bulgaria,2018,4.933,1.054,1.515,0.712,0.359,0.064,0.009
Nepal,2018,4.88,0.425,1.228,0.539,0.526,0.302,0.078
Venezuela,2018,4.806,0.996,1.469,0.657,0.133,0.056,0.052
Gabon,2018,4.758,1.036,1.164,0.404,0.356,0.032,0.052
Palestinian Territories,2018,4.743,0.642,1.217,0.602,0.266,0.086,0.076
South Africa,2018,4.724,0.94,1.41,0.33,0.516,0.103,0.056
Iran,2018,4.707,1.059,0.771,0.691,0.459,0.282,0.129
Ivory Coast,2018,4.671,0.541,0.872,0.08,0.467,0.146,0.103
Ghana,2018,4.657,0.592,0.896,0.337,0.499,0.212,0.029
Senegal,2018,4.631,0.429,1.117,0.433,0.406,0.138,0.082
Laos,2018,4.623,0.72,1.034,0.441,0.626,0.23,0.174
Tunisia,2018,4.592,0.9,0.906,0.69,0.271,0.04,0.063
Albania,2018,4.586,0.916,0.817,0.79,0.419,0.149,0.032
Sierra Leone,2018,4.571,0.256,0.813,0,0.355,0.238,0.053
Congo (Brazzaville),2018,4.559,0.682,0.811,0.343,0.514,0.091,0.077
Bangladesh,2018,4.5,0.532,0.85,0.579,0.58,0.153,0.144
Sri Lanka,2018,4.471,0.918,1.314,0.672,0.585,0.307,0.05
Iraq,2018,4.456,1.01,0.971,0.536,0.304,0.148,0.095
Mali,2018,4.447,0.37,1.233,0.152,0.367,0.139,0.056
Namibia,2018,4.441,0.874,1.281,0.365,0.519,0.051,0.064
Cambodia,2018,4.433,0.549,1.088,0.457,0.696,0.256,0.065
Burkina Faso,2018,4.424,0.314,1.097,0.254,0.312,0.175,0.128
Egypt,2018,4.419,0.885,1.025,0.553,0.312,0.092,0.107
Mozambique,2018,4.417,0.198,0.902,0.173,0.531,0.206,0.158
Kenya,2018,4.41,0.493,1.048,0.454,0.504,0.352,0.055
Zambia,2018,4.377,0.562,1.047,0.295,0.503,0.221,0.082
Mauritania,2018,4.356,0.557,1.245,0.292,0.129,0.134,0.093
Ethiopia,2018,4.35,0.308,0.95,0.391,0.452,0.22,0.146
Georgia,2018,4.34,0.853,0.592,0.643,0.375,0.038,0.215
Armenia,2018,4.321,0.816,0.99,0.666,0.26,0.077,0.028
Myanmar,2018,4.308,0.682,1.174,0.429,0.58,0.598,0.178
Chad,2018,4.301,0.358,0.907,0.053,0.189,0.181,0.06
Congo (Kinshasa),2018,4.245,0.069,1.136,0.204,0.312,0.197,0.052
India,2018,4.19,0.721,0.747,0.485,0.539,0.172,0.093
Niger,2018,4.166,0.131,0.867,0.221,0.39,0.175,0.099
Uganda,2018,4.161,0.322,1.09,0.237,0.45,0.259,0.061
Benin,2018,4.141,0.378,0.372,0.24,0.44,0.163,0.067
Sudan,2018,4.139,0.605,1.24,0.312,0.016,0.134,0.082
Ukraine,2018,4.103,0.793,1.413,0.609,0.163,0.187,0.011
Togo,2018,3.999,0.259,0.474,0.253,0.434,0.158,0.101
Guinea,2018,3.964,0.344,0.792,0.211,0.394,0.185,0.094
Lesotho,2018,3.808,0.472,1.215,0.079,0.423,0.116,0.112
Angola,2018,3.795,0.73,1.125,0.269,0,0.079,0.061
Madagascar,2018,3.774,0.262,0.908,0.402,0.221,0.155,0.049
Zimbabwe,2018,3.692,0.357,1.094,0.248,0.406,0.132,0.099
Afghanistan,2018,3.632,0.332,0.537,0.255,0.085,0.191,0.036
Botswana,2018,3.59,1.017,1.174,0.417,0.557,0.042,0.092
Malawi,2018,3.587,0.186,0.541,0.306,0.531,0.21,0.08
Haiti,2018,3.582,0.315,0.714,0.289,0.025,0.392,0.104
Liberia,2018,3.495,0.076,0.858,0.267,0.419,0.206,0.03
Syria,2018,3.462,0.689,0.382,0.539,0.088,0.376,0.144
Rwanda,2018,3.408,0.332,0.896,0.4,0.636,0.2,0.444
Yemen,2018,3.355,0.442,1.073,0.343,0.244,0.083,0.064
Tanzania,2018,3.303,0.455,0.991,0.381,0.481,0.27,0.097
South Sudan,2018,3.254,0.337,0.608,0.177,0.112,0.224,0.106
Central African Republic,2018,3.083,0.024,0,0.01,0.305,0.218,0.038
Burundi,2018,2.905,0.091,0.627,0.145,0.065,0.149,0.076
Finland,2019,7.769,1.34,1.587,0.986,0.596,0.153,0.393
Denmark,2019,7.6,1.383,1.573,0.996,0.592,0.252,0.41
Norway,2019,7.554,1.488,1.582,1.028,0.603,0.271,0.341
Iceland,2019,7.494,1.38,1.624,1.026,0.591,0.354,0.118
Netherlands,2019,7.488,1.396,1.522,0.999,0.557,0.322,0.298
Switzerland,2019,7.48,1.452,1.526,1.052,0.572,0.263,0.343
Sweden,2019,7.343,1.387,1.487,1.009,0.574,0.267,0.373
New Zealand,2019,7.307,1.303,1.557,1.026,0.585,0.33,0.38
Canada,2019,7.278,1.365,1.505,1.039,0.584,0.285,0.308
Austria,2019,7.246,1.376,1.475,1.016,0.532,0.244,0.226
Australia,2019,7.228,1.372,1.548,1.036,0.557,0.332,0.29
Costa Rica,2019,7.167,1.034,1.441,0.963,0.558,0.144,0.093
Israel,2019,7.139,1.276,1.455,1.029,0.371,0.261,0.082
Luxembourg,2019,7.09,1.609,1.479,1.012,0.526,0.194,0.316
United Kingdom,2019,7.054,1.333,1.538,0.996,0.45,0.348,0.278
Ireland,2019,7.021,1.499,1.553,0.999,0.516,0.298,0.31
Germany,2019,6.985,1.373,1.454,0.987,0.495,0.261,0.265
Belgium,2019,6.923,1.356,1.504,0.986,0.473,0.16,0.21
United States,2019,6.892,1.433,1.457,0.874,0.454,0.28,0.128
Czech Republic,2019,6.852,1.269,1.487,0.92,0.457,0.046,0.036
United Arab Emirates,2019,6.825,1.503,1.31,0.825,0.598,0.262,0.182
Malta,2019,6.726,1.3,1.52,0.999,0.564,0.375,0.151
Mexico,2019,6.595,1.07,1.323,0.861,0.433,0.074,0.073
France,2019,6.592,1.324,1.472,1.045,0.436,0.111,0.183
Taiwan,2019,6.446,1.368,1.43,0.914,0.351,0.242,0.097
Chile,2019,6.444,1.159,1.369,0.92,0.357,0.187,0.056
Guatemala,2019,6.436,0.8,1.269,0.746,0.535,0.175,0.078
Saudi Arabia,2019,6.375,1.403,1.357,0.795,0.439,0.08,0.132
Qatar,2019,6.374,1.684,1.313,0.871,0.555,0.22,0.167
Spain,2019,6.354,1.286,1.484,1.062,0.362,0.153,0.079
Panama,2019,6.321,1.149,1.442,0.91,0.516,0.109,0.054
Brazil,2019,6.3,1.004,1.439,0.802,0.39,0.099,0.086
Uruguay,2019,6.293,1.124,1.465,0.891,0.523,0.127,0.15
Singapore,2019,6.262,1.572,1.463,1.141,0.556,0.271,0.453
El Salvador,2019,6.253,0.794,1.242,0.789,0.43,0.093,0.074
Italy,2019,6.223,1.294,1.488,1.039,0.231,0.158,0.03
Bahrain,2019,6.199,1.362,1.368,0.871,0.536,0.255,0.11
Slovakia,2019,6.198,1.246,1.504,0.881,0.334,0.121,0.014
Trinidad & Tobago,2019,6.192,1.231,1.477,0.713,0.489,0.185,0.016
Poland,2019,6.182,1.206,1.438,0.884,0.483,0.117,0.05
Uzbekistan,2019,6.174,0.745,1.529,0.756,0.631,0.322,0.24
Lithuania,2019,6.149,1.238,1.515,0.818,0.291,0.043,0.042
Colombia,2019,6.125,0.985,1.41,0.841,0.47,0.099,0.034
Slovenia,2019,6.118,1.258,1.523,0.953,0.564,0.144,0.057
Nicaragua,2019,6.105,0.694,1.325,0.835,0.435,0.2,0.127
Kosovo,2019,6.1,0.882,1.232,0.758,0.489,0.262,0.006
Argentina,2019,6.086,1.092,1.432,0.881,0.471,0.066,0.05
Romania,2019,6.07,1.162,1.232,0.825,0.462,0.083,0.005
Cyprus,2019,6.046,1.263,1.223,1.042,0.406,0.19,0.041
Ecuador,2019,6.028,0.912,1.312,0.868,0.498,0.126,0.087
Kuwait,2019,6.021,1.5,1.319,0.808,0.493,0.142,0.097
Thailand,2019,6.008,1.05,1.409,0.828,0.557,0.359,0.028
Latvia,2019,5.94,1.187,1.465,0.812,0.264,0.075,0.064
South Korea,2019,5.895,1.301,1.219,1.036,0.159,0.175,0.056
Estonia,2019,5.893,1.237,1.528,0.874,0.495,0.103,0.161
Jamaica,2019,5.89,0.831,1.478,0.831,0.49,0.107,0.028
Mauritius,2019,5.888,1.12,1.402,0.798,0.498,0.215,0.06
Japan,2019,5.886,1.327,1.419,1.088,0.445,0.069,0.14
Honduras,2019,5.86,0.642,1.236,0.828,0.507,0.246,0.078
Kazakhstan,2019,5.809,1.173,1.508,0.729,0.41,0.146,0.096
Bolivia,2019,5.779,0.776,1.209,0.706,0.511,0.137,0.064
Hungary,2019,5.758,1.201,1.41,0.828,0.199,0.081,0.02
Paraguay,2019,5.743,0.855,1.475,0.777,0.514,0.184,0.08
Northern Cyprus,2019,5.718,1.263,1.252,1.042,0.417,0.191,0.162
Peru,2019,5.697,0.96,1.274,0.854,0.455,0.083,0.027
Portugal,2019,5.693,1.221,1.431,0.999,0.508,0.047,0.025
Pakistan,2019,5.653,0.677,0.886,0.535,0.313,0.22,0.098
Russia,2019,5.648,1.183,1.452,0.726,0.334,0.082,0.031
Philippines,2019,5.631,0.807,1.293,0.657,0.558,0.117,0.107
Serbia,2019,5.603,1.004,1.383,0.854,0.282,0.137,0.039
Moldova,2019,5.529,0.685,1.328,0.739,0.245,0.181,0
Libya,2019,5.525,1.044,1.303,0.673,0.416,0.133,0.152
Montenegro,2019,5.523,1.051,1.361,0.871,0.197,0.142,0.08
Tajikistan,2019,5.467,0.493,1.098,0.718,0.389,0.23,0.144
Croatia,2019,5.432,1.155,1.266,0.914,0.296,0.119,0.022
Hong Kong,2019,5.43,1.438,1.277,1.122,0.44,0.258,0.287
Dominican Republic,2019,5.425,1.015,1.401,0.779,0.497,0.113,0.101
Bosnia and Herzegovina,2019,5.386,0.945,1.212,0.845,0.212,0.263,0.006
Turkey,2019,5.373,1.183,1.36,0.808,0.195,0.083,0.106
Malaysia,2019,5.339,1.221,1.171,0.828,0.508,0.26,0.024
Belarus,2019,5.323,1.067,1.465,0.789,0.235,0.094,0.142
Greece,2019,5.287,1.181,1.156,0.999,0.067,0,0.034
Mongolia,2019,5.285,0.948,1.531,0.667,0.317,0.235,0.038
North Macedonia,2019,5.274,0.983,1.294,0.838,0.345,0.185,0.034
Nigeria,2019,5.265,0.696,1.111,0.245,0.426,0.215,0.041
Kyrgyzstan,2019,5.261,0.551,1.438,0.723,0.508,0.3,0.023
Turkmenistan,2019,5.247,1.052,1.538,0.657,0.394,0.244,0.028
Algeria,2019,5.211,1.002,1.16,0.785,0.086,0.073,0.114
Morocco,2019,5.208,0.801,0.782,0.782,0.418,0.036,0.076
Azerbaijan,2019,5.208,1.043,1.147,0.769,0.351,0.035,0.182
Lebanon,2019,5.197,0.987,1.224,0.815,0.216,0.166,0.027
Indonesia,2019,5.192,0.931,1.203,0.66,0.491,0.498,0.028
China,2019,5.191,1.029,1.125,0.893,0.521,0.058,0.1
Vietnam,2019,5.175,0.741,1.346,0.851,0.543,0.147,0.073
Bhutan,2019,5.082,0.813,1.321,0.604,0.457,0.37,0.167
Cameroon,2019,5.044,0.549,0.91,0.331,0.381,0.187,0.037
Bulgaria,2019,5.011,1.092,1.513,0.815,0.311,0.081,0.004
Ghana,2019,4.996,0.611,0.868,0.486,0.381,0.245,0.04
Ivory Coast,2019,4.944,0.569,0.808,0.232,0.352,0.154,0.09
Nepal,2019,4.913,0.446,1.226,0.677,0.439,0.285,0.089
Jordan,2019,4.906,0.837,1.225,0.815,0.383,0.11,0.13
Benin,2019,4.883,0.393,0.437,0.397,0.349,0.175,0.082
Congo (Brazzaville),2019,4.812,0.673,0.799,0.508,0.372,0.105,0.093
Gabon,2019,4.799,1.057,1.183,0.571,0.295,0.043,0.055
Laos,2019,4.796,0.764,1.03,0.551,0.547,0.266,0.164
South Africa,2019,4.722,0.96,1.351,0.469,0.389,0.13,0.055
Albania,2019,4.719,0.947,0.848,0.874,0.383,0.178,0.027
Venezuela,2019,4.707,0.96,1.427,0.805,0.154,0.064,0.047
Cambodia,2019,4.7,0.574,1.122,0.637,0.609,0.232,0.062
Palestinian Territories,2019,4.696,0.657,1.247,0.672,0.225,0.103,0.066
Senegal,2019,4.681,0.45,1.134,0.571,0.292,0.153,0.072
Somalia,2019,4.668,0,0.698,0.268,0.559,0.243,0.27
Namibia,2019,4.639,0.879,1.313,0.477,0.401,0.07,0.056
Niger,2019,4.628,0.138,0.774,0.366,0.318,0.188,0.102
Burkina Faso,2019,4.587,0.331,1.056,0.38,0.255,0.177,0.113
Armenia,2019,4.559,0.85,1.055,0.815,0.283,0.095,0.064
Iran,2019,4.548,1.1,0.842,0.785,0.305,0.27,0.125
Guinea,2019,4.534,0.38,0.829,0.375,0.332,0.207,0.086
Georgia,2019,4.519,0.886,0.666,0.752,0.346,0.043,0.164
Gambia,2019,4.516,0.308,0.939,0.428,0.382,0.269,0.167
Kenya,2019,4.509,0.512,0.983,0.581,0.431,0.372,0.053
Mauritania,2019,4.49,0.57,1.167,0.489,0.066,0.106,0.088
Mozambique,2019,4.466,0.204,0.986,0.39,0.494,0.197,0.138
Tunisia,2019,4.461,0.921,1,0.815,0.167,0.059,0.055
Bangladesh,2019,4.456,0.562,0.928,0.723,0.527,0.166,0.143
Iraq,2019,4.437,1.043,0.98,0.574,0.241,0.148,0.089
Congo (Kinshasa),2019,4.418,0.094,1.125,0.357,0.269,0.212,0.053
Mali,2019,4.39,0.385,1.105,0.308,0.327,0.153,0.052
Sierra Leone,2019,4.374,0.268,0.841,0.242,0.309,0.252,0.045
Sri Lanka,2019,4.366,0.949,1.265,0.831,0.47,0.244,0.047
Myanmar,2019,4.36,0.71,1.181,0.555,0.525,0.566,0.172
Chad,2019,4.35,0.35,0.766,0.192,0.174,0.198,0.078
Ukraine,2019,4.332,0.82,1.39,0.739,0.178,0.187,0.01
Ethiopia,2019,4.286,0.336,1.033,0.532,0.344,0.209,0.1
Swaziland,2019,4.212,0.811,1.149,0,0.313,0.074,0.135
Uganda,2019,4.189,0.332,1.069,0.443,0.356,0.252,0.06
Egypt,2019,4.166,0.913,1.039,0.644,0.241,0.076,0.067
Zambia,2019,4.107,0.578,1.058,0.426,0.431,0.247,0.087
Togo,2019,4.085,0.275,0.572,0.41,0.293,0.177,0.085
India,2019,4.015,0.755,0.765,0.588,0.498,0.2,0.085
Liberia,2019,3.975,0.073,0.922,0.443,0.37,0.233,0.033
Comoros,2019,3.973,0.274,0.757,0.505,0.142,0.275,0.078
Madagascar,2019,3.933,0.274,0.916,0.555,0.148,0.169,0.041
Lesotho,2019,3.802,0.489,1.169,0.168,0.359,0.107,0.093
Burundi,2019,3.775,0.046,0.447,0.38,0.22,0.176,0.18
Zimbabwe,2019,3.663,0.366,1.114,0.433,0.361,0.151,0.089
Haiti,2019,3.597,0.323,0.688,0.449,0.026,0.419,0.11
Botswana,2019,3.488,1.041,1.145,0.538,0.455,0.025,0.1
Syria,2019,3.462,0.619,0.378,0.44,0.013,0.331,0.141
Malawi,2019,3.41,0.191,0.56,0.495,0.443,0.218,0.089
Yemen,2019,3.38,0.287,1.163,0.463,0.143,0.108,0.077
Rwanda,2019,3.334,0.359,0.711,0.614,0.555,0.217,0.411
Tanzania,2019,3.231,0.476,0.885,0.499,0.417,0.276,0.147
Afghanistan,2019,3.203,0.35,0.517,0.361,0,0.158,0.025
Central African Republic,2019,3.083,0.026,0,0.105,0.225,0.235,0.035
South Sudan,2019,2.853,0.306,0.575,0.295,0.01,0.202,0.091
Finland,2020,7.808700085,10.63926697,0.954329729,71.9008255,0.949172199,-0.059482019,0.195444584
Denmark,2020,7.645599842,10.77400112,0.955990791,72.40250397,0.951444268,0.066201776,0.168489456
Switzerland,2020,7.559899807,10.97993279,0.942846596,74.10244751,0.921336651,0.105911039,0.303728431
Iceland,2020,7.504499912,10.77255917,0.974669576,73,0.948891878,0.246944219,0.711709738
Norway,2020,7.487999916,11.08780384,0.952486575,73.20078278,0.955750287,0.13453263,0.263218194
Netherlands,2020,7.448900223,10.81271172,0.93913883,72.30091858,0.908547819,0.20761244,0.364717126
Sweden,2020,7.353499889,10.75879383,0.926311195,72.60076904,0.939144194,0.111614622,0.250880182
New Zealand,2020,7.299600124,10.50094318,0.949118972,73.20262909,0.936217487,0.191598073,0.22113885
Austria,2020,7.294199944,10.7428236,0.928045869,73.00250244,0.899989486,0.085429221,0.499954879
Luxembourg,2020,7.237500191,11.45068073,0.906912208,72.59999847,0.90563643,-0.004620588,0.367084295
Canada,2020,7.23210001,10.69236851,0.927176654,73.60160065,0.933913231,0.124770768,0.390843362
Australia,2020,7.222799778,10.72059631,0.944854617,73.60453796,0.915431738,0.19046016,0.41516912
United Kingdom,2020,7.164500237,10.60013485,0.93668282,72.30160522,0.834743679,0.263732493,0.435915917
Israel,2020,7.128600121,10.41752529,0.913571239,73.20025635,0.747580588,0.10259372,0.78085506
Costa Rica,2020,7.121399879,9.658156395,0.901545942,71.29985046,0.934738934,-0.10242971,0.786332428
Ireland,2020,7.093699932,11.16097832,0.942081571,72.30078888,0.886982977,0.145784974,0.357184172
Germany,2020,7.075799942,10.7328186,0.898874462,72.20201874,0.867371082,0.080179386,0.456422031
United States,2020,6.939599991,10.92576885,0.914219022,68.29949951,0.842619538,0.149891734,0.699715316
Czech Republic,2020,6.910900116,10.40416336,0.914430678,70.04793549,0.818537354,-0.230861515,0.85844624
Belgium,2020,6.863500118,10.6736393,0.911632538,72.00164795,0.813582063,-0.078691199,0.612297952
United Arab Emirates,2020,6.790800095,11.1099987,0.849181116,67.08278656,0.941345513,0.123450845,0.594502211
Malta,2020,6.772799969,10.53383827,0.93037951,72.19999695,0.924911439,0.214965805,0.658547282
France,2020,6.663799763,10.58422279,0.937103748,73.80193329,0.825467646,-0.130641967,0.583521128
Mexico,2020,6.465000153,9.797797203,0.838665426,68.29902649,0.858709276,-0.175266623,0.806821585
Taiwan Province of China,2020,6.45539999,10.77568531,0.894309103,69.59999847,0.77153033,-0.073198698,0.73188293
Uruguay,2020,6.440100193,9.948192596,0.92281127,69.00254822,0.892395437,-0.101103112,0.635994136
Saudi Arabia,2020,6.406499863,10.79781246,0.874067068,66.30514526,0.854191244,-0.168695062,0.682619512
Spain,2020,6.400899887,10.46292686,0.921125412,74.40270996,0.751989543,-0.050961714,0.765859902
Guatemala,2020,6.398900032,8.924805641,0.816621482,64.8089447,0.908147573,-0.042938665,0.783237457
Italy,2020,6.38740015,10.48183632,0.889878571,73.60168457,0.66465199,-0.043460999,0.873404682
Singapore,2020,6.377099991,11.39552116,0.910268962,76.80458069,0.926645339,0.029879224,0.109784193
Brazil,2020,6.375599861,9.56643486,0.896723807,66.48016357,0.799804807,-0.101812392,0.770601273
Slovenia,2020,6.363399982,10.39232254,0.939575672,71.1029892,0.936142623,-0.080603383,0.817071021
El Salvador,2020,6.34829998,8.909075737,0.806092262,66.10826111,0.833805263,-0.121072978,0.754319906
Kosovo,2020,6.325200081,9.204429626,0.820726514,63.88555527,0.861535907,0.190933764,0.922328293
Panama,2020,6.304800034,10.03423405,0.902094483,69.60301208,0.880366504,-0.153927714,0.851588905
Slovakia,2020,6.280600071,10.34774971,0.922493756,68.90634155,0.749952674,-0.124409303,0.918096125
Uzbekistan,2020,6.257599831,8.740371704,0.926595807,65.10757446,0.974998116,0.248427153,0.501497388
Chile,2020,6.228499889,10.0320549,0.879713595,69.90061951,0.744896293,-0.065668367,0.838239431
Bahrain,2020,6.227300167,10.67638016,0.876342118,68.5,0.905855775,0.13372919,0.7393471
Lithuania,2020,6.215499878,10.34362602,0.926107109,67.29407501,0.747381449,-0.219725296,0.809583843
Trinidad and Tobago,2020,6.191899776,10.26000214,0.91529417,63.5,0.857907116,0.000526841,0.912230611
Poland,2020,6.186299801,10.26512432,0.874257445,69.31113434,0.862055779,-0.205084071,0.686927021
Colombia,2020,6.163400173,9.500369072,0.884440243,67.69958496,0.836179912,-0.161235645,0.86457181
Cyprus,2020,6.15899992,10.40570259,0.805996239,73.70222473,0.779858291,0.043731496,0.856271744
Nicaragua,2020,6.13710022,8.493160248,0.857497036,67.50717926,0.863902867,0.020959141,0.665950119
Romania,2020,6.123700142,10.107584,0.825161517,67.20723724,0.842823207,-0.19781521,0.934300244
Kuwait,2020,6.102099895,11.08982468,0.846475244,66.76764679,0.872366488,-0.100184701,0.760849059
Mauritius,2020,6.101299763,9.956786156,0.910357833,66.40434265,0.889534533,-0.018318573,0.805343091
Kazakhstan,2020,6.057899952,10.11465836,0.934744895,64.60996246,0.811601937,-0.068488635,0.764490843
Estonia,2020,6.021800041,10.34001732,0.934729993,68.60495758,0.87770915,-0.111697771,0.623073816
Philippines,2020,6.006000042,8.993545532,0.846730053,61.92676163,0.915463448,-0.105463006,0.733634114
Hungary,2020,6.000400066,10.24924374,0.921934128,67.60997009,0.718964577,-0.194323018,0.892916501
Thailand,2020,5.998799801,9.741791725,0.889973223,67.25059509,0.905063033,0.268685192,0.886272311
Argentina,2020,5.974699974,9.810955048,0.900567949,68.80380249,0.831132412,-0.194913864,0.842009842
Honduras,2020,5.953199863,8.424534798,0.821870148,67.19876862,0.870603263,0.086969115,0.801131904
Latvia,2020,5.949999809,10.17531967,0.918288589,66.8074646,0.671237648,-0.186888844,0.795580089
Ecuador,2020,5.925199986,9.246058464,0.836418986,68.50003815,0.859828949,-0.127014965,0.801215112
Portugal,2020,5.910900116,10.26374245,0.886590719,72.40202332,0.888747811,-0.220714301,0.892629504
Jamaica,2020,5.889800072,9.006250381,0.915701866,67.09999847,0.858068526,-0.125106767,0.888890028
South Korea,2020,5.872399807,10.51056671,0.799387157,73.6027298,0.612965107,-0.043404032,0.789067447
Japan,2020,5.870800018,10.57968903,0.883545935,75.00096893,0.809961379,-0.246910349,0.654558063
Peru,2020,5.796800137,9.456313133,0.831075251,68.10023499,0.824766099,-0.16238822,0.893714964
Serbia,2020,5.77820015,9.680980682,0.881475747,68.21020508,0.726495862,-0.073676221,0.843509018
Bolivia,2020,5.747499943,8.851115227,0.803108692,63.6004715,0.875873327,-0.09168113,0.822606206
Pakistan,2020,5.69329977,8.482727051,0.689062297,58.25313568,0.734833717,0.04489987,0.745705426
Paraguay,2020,5.692100048,9.389982224,0.898727894,65.63993835,0.885923445,0.007997713,0.834788501
Dominican Republic,2020,5.689199924,9.664880753,0.882085383,65.80748749,0.866202772,-0.131263286,0.755999923
Bosnia and Herzegovina,2020,5.674099922,9.455817223,0.829204142,67.80813599,0.651352704,0.098274559,0.933769107
Moldova,2020,5.607500076,8.776714325,0.843313575,65.01301575,0.721609175,-0.037741039,0.913314283
Tajikistan,2020,5.555699825,8.024810791,0.835297108,64.10459137,0.831383407,-0.025088511,0.592076063
Montenegro,2020,5.54610014,9.751860619,0.855314612,68.50534821,0.649565637,-0.075600356,0.783121586
Russia,2020,5.546000004,10.12887192,0.903150737,64.10045624,0.729892612,-0.151153743,0.864802599
Kyrgyzstan,2020,5.541500092,8.148405075,0.887228489,64.10601044,0.909374893,0.154772058,0.888396084
Belarus,2020,5.539899826,9.779945374,0.90674746,66.10433197,0.639163077,-0.164926544,0.63571167
North Cyprus,2020,5.53550005,10.40570259,0.820356607,73.70222473,0.79529351,0.000227159,0.62611568
Greece,2020,5.514999866,10.13232613,0.814380348,72.40525818,0.541345119,-0.300907373,0.859931409
Hong Kong S.A.R. of China,2020,5.510399818,10.9346714,0.845969081,76.77170563,0.779833794,0.134979904,0.420607209
Croatia,2020,5.504700184,10.07087517,0.874623716,70.21490479,0.714838803,-0.128538325,0.916495264
Libya,2020,5.488800049,9.789815903,0.825942934,62.29999924,0.773157001,-0.085054487,0.668779135
Mongolia,2020,5.456200123,9.412186623,0.937142491,62.30448532,0.693351328,0.098093867,0.863511205
Malaysia,2020,5.384300232,10.26251888,0.816509426,67.10215759,0.894626856,0.114726797,0.839302301
Vietnam,2020,5.353499889,8.809545517,0.849987149,67.9527359,0.939592957,-0.094533332,0.79642123
Indonesia,2020,5.285600185,9.36975193,0.808379889,62.15584946,0.870614409,0.519586504,0.876296401
Ivory Coast,2020,5.233300209,8.225561142,0.658048689,49.50377274,0.727909327,-0.043991156,0.790771961
Benin,2020,5.21600008,7.674319744,0.468671143,54.31246567,0.735182583,-0.003537213,0.740532577
Maldives,2020,5.197599888,9.518632889,0.91316092,70.59999847,0.853962779,0.038085498,0.824211061
Congo (Brazzaville),2020,5.194399834,8.536987305,0.640228093,57.92448044,0.719058514,-0.123674095,0.751779079
Azerbaijan,2020,5.164800167,9.687726974,0.819308281,65.50839996,0.786824107,-0.240255281,0.55253756
Macedonia,2020,5.159800053,9.510591507,0.820392311,67.50442505,0.738840938,-0.019877451,0.897490501
Ghana,2020,5.147999763,8.350645065,0.728601098,57.20398712,0.794796526,0.094170853,0.847964764
Nepal,2020,5.137199879,7.925357342,0.785512447,63.77917862,0.797565043,0.154168829,0.738099158
Turkey,2020,5.131800175,10.12941933,0.826313555,66.90281677,0.608830452,-0.171046436,0.748197377
China,2020,5.123899937,9.688568115,0.798760593,69.2891922,0.898517907,-0.18142575,0.7539711
Turkmenistan,2020,5.119100094,9.74803257,0.958966196,62.21170807,0.826457024,0.187671542,0.883691847
Bulgaria,2020,5.101500034,9.869318962,0.937840343,66.80397797,0.745178163,-0.143908441,0.935585141
Morocco,2020,5.094799995,8.940313339,0.592628479,65.89624023,0.772072434,-0.240377247,0.815724611
Cameroon,2020,5.084899902,8.118647575,0.700386405,52.7049408,0.763051808,-0.00149645,0.851336598
Venezuela,2020,5.053199768,8.977793694,0.890408158,66.50534058,0.62327832,-0.169090509,0.837038398
Algeria,2020,5.005099773,9.537964821,0.803385139,65.90517426,0.466610909,-0.121105164,0.735485137
Senegal,2020,4.980800152,8.118982315,0.723616004,59.59915161,0.690596163,-0.052335154,0.808785141
Guinea,2020,4.949299812,7.750990391,0.637573481,54.46780014,0.706846774,0.076328471,0.761794448
Niger,2020,4.909599781,6.842166901,0.617435038,53.50009537,0.759772122,0.013860817,0.722530186
Laos,2020,4.888599873,8.79858017,0.737502217,58.70992279,0.907213569,0.11137148,0.634679317
Albania,2020,4.882699966,9.417930603,0.671070457,68.70813751,0.781994224,-0.042309489,0.896303713
Cambodia,2020,4.848400116,8.249890327,0.773080647,61.52996826,0.959704638,0.051911179,0.822769046
Bangladesh,2020,4.832799911,8.287063599,0.687292993,64.50306702,0.90062499,-0.033664726,0.661843538
Gabon,2020,4.829299927,9.680537224,0.787886858,59.71533966,0.704829216,-0.222261623,0.849150956
South Africa,2020,4.814099789,9.403370857,0.852532268,56.50601196,0.759330094,-0.109777324,0.843423843
Iraq,2020,4.784800053,9.661095619,0.747694969,59.90354919,0.633182645,-0.06956476,0.82226181
Lebanon,2020,4.771500111,9.3617239,0.824338138,67.10658264,0.551357508,-0.06121527,0.90225625
Burkina Faso,2020,4.768700123,7.46854496,0.712943614,53.88945389,0.665563583,-0.019080516,0.739795029
Gambia,2020,4.750599861,7.321814537,0.6931687,55.0120163,0.733163178,0.343198717,0.690717816
Mali,2020,4.729300022,7.629852295,0.731468976,51.72698212,0.71156615,-0.044366926,0.839328408
Nigeria,2020,4.724100113,8.57662487,0.73721689,49.86190796,0.759578407,0.033745807,0.861874342
Armenia,2020,4.676799774,9.100476265,0.757479429,66.75065613,0.712017834,-0.13877961,0.773544788
Georgia,2020,4.672599792,9.226100922,0.629033029,64.49520874,0.801641524,-0.22892037,0.665944695
Iran,2020,4.672399998,9.813719749,0.694689691,66.00614929,0.647873282,0.117891103,0.714635968
Jordan,2020,4.633399963,9.025999069,0.80216372,66.79975128,0.75104779,-0.162565202,0.700344324
Mozambique,2020,4.623600006,7.069345951,0.723874032,54.20582199,0.864451885,0.032375868,0.683019102
Kenya,2020,4.583000183,8.02977562,0.702652037,60.09693146,0.829747558,0.294681519,0.831499159
Namibia,2020,4.571100235,9.203141212,0.846880972,56.50148773,0.767520964,-0.18530646,0.851449788
Ukraine,2020,4.56069994,9.010690689,0.878879368,64.60678101,0.663081884,-0.030933706,0.920636714
Liberia,2020,4.557899952,7.054380417,0.70928055,56.09631348,0.735268712,0.04227322,0.856375933
Palestinian Territories,2020,4.552800179,8.389223099,0.825295925,62.25,0.645791829,-0.162079096,0.824199975
Uganda,2020,4.43200016,7.500389576,0.764994621,55.70820236,0.731713951,0.099487431,0.836737812
Chad,2020,4.422699928,7.467963696,0.632388055,48.22053909,0.587305248,0.017834719,0.802760839
Tunisia,2020,4.392199993,9.314972878,0.688718557,66.89785767,0.593361557,-0.216413811,0.867590249
Mauritania,2020,4.374599934,8.233919144,0.790819228,57.01017761,0.551522553,-0.106008142,0.746223509
Sri Lanka,2020,4.327000141,9.389969826,0.825374067,67.20006561,0.837633669,0.081129618,0.859001756
Congo (Kinshasa),2020,4.31099987,6.694256306,0.672159016,52.90000153,0.700793564,0.083637655,0.809403598
Swaziland,2020,4.308100224,9.16267395,0.770290196,51.18823624,0.646822274,-0.19920142,0.708263338
Myanmar,2020,4.308000088,8.680481911,0.78440702,58.96171188,0.895075202,0.560663998,0.645124316
Comoros,2020,4.288599968,7.833630085,0.625662446,57.34901047,0.547612607,0.090008408,0.780622602
Togo,2020,4.187200069,7.357711315,0.551312625,54.71989822,0.649828613,0.002667875,0.757733464
Ethiopia,2020,4.186200142,7.509385586,0.743307352,58.63959122,0.740795195,0.043377332,0.753690004
Madagascar,2020,4.165599823,7.281685829,0.668195903,59.10542679,0.557574093,-0.011823639,0.817485631
Egypt,2020,4.151400089,9.316541672,0.735447824,61.78015137,0.708354175,-0.196878314,0.787726879
Sierra Leone,2020,3.926399946,7.26880312,0.636142015,50.86514282,0.715315044,0.088660747,0.861330688
Burundi,2020,3.775300026,6.492642403,0.490325719,53.40000153,0.626350224,-0.017551597,0.606934547
Zambia,2020,3.759399891,8.224720001,0.698824465,55.29937744,0.806500256,0.078037128,0.801289678
Haiti,2020,3.720799923,7.411329269,0.593247831,55.59862518,0.537825167,0.40053457,0.684767246
Lesotho,2020,3.652800083,7.960488319,0.780495703,48.00362396,0.738125861,-0.145732045,0.857392073
India,2020,3.573299885,8.849823952,0.592200935,60.21518707,0.881444871,0.057551607,0.772042692
Malawi,2020,3.538000107,7.062226295,0.544007301,57.59288788,0.803223193,0.021433279,0.731700778
Yemen,2020,3.527400017,7.759682655,0.817980587,56.72728348,0.599920273,-0.157735437,0.800287724
Botswana,2020,3.478899956,9.711203575,0.779121757,58.92445374,0.821328104,-0.250394493,0.777930915
Tanzania,2020,3.476200104,7.967665195,0.688933194,57.49607468,0.82153976,0.109668687,0.619799435
Central African Republic,2020,3.475899935,6.625160217,0.319459856,45.20000076,0.640880644,0.082410358,0.891806662
Rwanda,2020,3.312299967,7.600104332,0.54083544,61.09884644,0.900589406,0.055483952,0.183541179
Zimbabwe,2020,3.299200058,7.865711689,0.763092756,55.61725998,0.711457908,-0.072063953,0.81023699
South Sudan,2020,2.816600084,7.425359726,0.553707123,51,0.451313615,0.016518548,0.763417304
Afghanistan,2020,2.566900015,7.462860584,0.470366955,52.59000015,0.396573007,-0.0964294,0.933686554
Finland,2021,7.842,10.775,0.954,72,0.949,-0.098,0.186
Denmark,2021,7.62,10.933,0.954,72.7,0.946,0.03,0.179
Switzerland,2021,7.571,11.117,0.942,74.4,0.919,0.025,0.292
Iceland,2021,7.554,10.878,0.983,73,0.955,0.16,0.673
Netherlands,2021,7.464,10.932,0.942,72.4,0.913,0.175,0.338
Norway,2021,7.392,11.053,0.954,73.3,0.96,0.093,0.27
Sweden,2021,7.363,10.867,0.934,72.7,0.945,0.086,0.237
Luxembourg,2021,7.324,11.647,0.908,72.6,0.907,-0.034,0.386
New Zealand,2021,7.277,10.643,0.948,73.4,0.929,0.134,0.242
Austria,2021,7.268,10.906,0.934,73.3,0.908,0.042,0.481
Australia,2021,7.183,10.796,0.94,73.9,0.914,0.159,0.442
Israel,2021,7.157,10.575,0.939,73.503,0.8,0.031,0.753
Germany,2021,7.155,10.873,0.903,72.5,0.875,0.011,0.46
Canada,2021,7.103,10.776,0.926,73.8,0.915,0.089,0.415
Ireland,2021,7.085,11.342,0.947,72.4,0.879,0.077,0.363
Costa Rica,2021,7.069,9.88,0.891,71.4,0.934,-0.126,0.809
United Kingdom,2021,7.064,10.707,0.934,72.5,0.859,0.233,0.459
Czech Republic,2021,6.965,10.556,0.947,70.807,0.858,-0.208,0.868
United States,2021,6.951,11.023,0.92,68.2,0.837,0.098,0.698
Belgium,2021,6.834,10.823,0.906,72.199,0.783,-0.153,0.646
France,2021,6.69,10.704,0.942,74,0.822,-0.147,0.571
Bahrain,2021,6.647,10.669,0.862,69.495,0.925,0.089,0.722
Malta,2021,6.602,10.674,0.931,72.2,0.927,0.133,0.653
Taiwan Province of China,2021,6.584,10.871,0.898,69.6,0.784,-0.07,0.721
United Arab Emirates,2021,6.561,11.085,0.844,67.333,0.932,0.074,0.589
Saudi Arabia,2021,6.494,10.743,0.891,66.603,0.877,-0.149,0.684
Spain,2021,6.491,10.571,0.932,74.7,0.761,-0.081,0.745
Italy,2021,6.483,10.623,0.88,73.8,0.693,-0.084,0.866
Slovenia,2021,6.461,10.529,0.948,71.4,0.949,-0.101,0.806
Guatemala,2021,6.435,9.053,0.813,64.958,0.906,-0.038,0.775
Uruguay,2021,6.431,9.966,0.925,69.1,0.896,-0.092,0.59
Singapore,2021,6.377,11.488,0.915,76.953,0.927,-0.018,0.082
Kosovo,2021,6.372,9.318,0.821,63.813,0.869,0.257,0.917
Slovakia,2021,6.331,10.369,0.936,69.201,0.766,-0.124,0.911
Brazil,2021,6.33,9.577,0.882,66.601,0.804,-0.071,0.756
Mexico,2021,6.317,9.859,0.831,68.597,0.862,-0.147,0.799
Jamaica,2021,6.309,9.186,0.877,67.5,0.89,-0.137,0.884
Lithuania,2021,6.255,10.499,0.935,67.906,0.773,-0.203,0.826
Cyprus,2021,6.223,10.576,0.802,73.898,0.763,-0.015,0.844
Estonia,2021,6.189,10.481,0.941,68.8,0.909,-0.106,0.527
Panama,2021,6.18,10.35,0.896,69.652,0.872,-0.166,0.856
Uzbekistan,2021,6.179,8.836,0.918,65.255,0.97,0.311,0.515
Chile,2021,6.172,10.071,0.882,70,0.742,-0.044,0.83
Poland,2021,6.166,10.382,0.898,69.702,0.841,-0.165,0.735
Kazakhstan,2021,6.152,10.155,0.952,65.2,0.853,-0.069,0.733
Romania,2021,6.14,10.284,0.832,67.355,0.845,-0.219,0.938
Kuwait,2021,6.106,10.817,0.843,66.9,0.867,-0.104,0.736
Serbia,2021,6.078,9.787,0.873,68.6,0.778,0.002,0.835
El Salvador,2021,6.061,9.054,0.762,66.402,0.888,-0.11,0.688
Mauritius,2021,6.049,10.008,0.905,66.701,0.867,-0.054,0.789
Latvia,2021,6.032,10.315,0.927,67.1,0.715,-0.162,0.8
Colombia,2021,6.012,9.557,0.847,68.001,0.837,-0.135,0.841
Hungary,2021,5.992,10.358,0.943,68,0.755,-0.186,0.876
Thailand,2021,5.985,9.805,0.888,67.401,0.884,0.287,0.895
Nicaragua,2021,5.972,8.62,0.864,67.657,0.836,0.02,0.664
Japan,2021,5.94,10.611,0.884,75.1,0.796,-0.258,0.638
Argentina,2021,5.929,9.962,0.898,69,0.828,-0.182,0.834
Portugal,2021,5.929,10.421,0.879,72.6,0.892,-0.244,0.887
Honduras,2021,5.919,8.648,0.812,67.3,0.857,0.081,0.809
Croatia,2021,5.882,10.217,0.924,70.799,0.754,-0.118,0.939
Philippines,2021,5.88,9.076,0.83,62,0.917,-0.097,0.742
South Korea,2021,5.845,10.651,0.799,73.9,0.672,-0.083,0.727
Peru,2021,5.84,9.458,0.832,68.25,0.822,-0.154,0.891
Bosnia and Herzegovina,2021,5.813,9.59,0.87,68.098,0.706,0.113,0.931
Moldova,2021,5.766,9.454,0.857,65.699,0.822,-0.079,0.918
Ecuador,2021,5.764,9.313,0.821,68.8,0.842,-0.124,0.843
Kyrgyzstan,2021,5.744,8.538,0.893,64.401,0.935,0.119,0.908
Greece,2021,5.723,10.279,0.823,72.6,0.582,-0.288,0.823
Bolivia,2021,5.716,9.046,0.81,63.901,0.875,-0.077,0.839
Mongolia,2021,5.677,9.4,0.935,62.5,0.708,0.116,0.856
Paraguay,2021,5.653,9.448,0.893,65.9,0.876,0.028,0.882
Montenegro,2021,5.581,9.94,0.858,68.699,0.708,-0.034,0.812
Dominican Republic,2021,5.545,9.802,0.853,66.102,0.86,-0.133,0.714
North Cyprus,2021,5.536,10.576,0.82,73.898,0.795,0.012,0.626
Belarus,2021,5.534,9.853,0.91,66.253,0.65,-0.18,0.627
Russia,2021,5.477,10.189,0.903,64.703,0.718,-0.111,0.845
Hong Kong S.A.R. of China,2021,5.477,11,0.836,76.82,0.717,0.067,0.403
Tajikistan,2021,5.466,8.091,0.86,64.281,0.832,-0.056,0.553
Vietnam,2021,5.411,8.973,0.85,68.034,0.94,-0.098,0.796
Libya,2021,5.41,9.622,0.827,62.3,0.771,-0.087,0.667
Malaysia,2021,5.384,10.238,0.817,67.102,0.895,0.125,0.839
Indonesia,2021,5.345,9.365,0.811,62.236,0.873,0.542,0.867
Congo (Brazzaville),2021,5.342,8.117,0.636,58.221,0.695,-0.068,0.745
China,2021,5.339,9.673,0.811,69.593,0.904,-0.146,0.755
Ivory Coast,2021,5.306,8.551,0.644,50.114,0.741,-0.016,0.794
Armenia,2021,5.283,9.487,0.799,67.055,0.825,-0.168,0.629
Nepal,2021,5.269,8.12,0.774,64.233,0.782,0.152,0.727
Bulgaria,2021,5.266,10.016,0.931,67,0.788,-0.096,0.932
Maldives,2021,5.198,9.826,0.913,70.6,0.854,0.024,0.825
Azerbaijan,2021,5.171,9.569,0.836,65.656,0.814,-0.223,0.506
Cameroon,2021,5.142,8.189,0.71,53.515,0.731,0.026,0.848
Senegal,2021,5.132,8.118,0.71,59.802,0.695,-0.046,0.801
Albania,2021,5.117,9.52,0.697,68.999,0.785,-0.03,0.901
North Macedonia,2021,5.101,9.693,0.805,65.474,0.751,0.038,0.905
Ghana,2021,5.088,8.58,0.727,57.586,0.807,0.123,0.848
Niger,2021,5.074,7.098,0.641,53.78,0.806,0.018,0.693
Turkmenistan,2021,5.066,9.629,0.983,62.409,0.877,0.273,0.888
Gambia,2021,5.051,7.686,0.69,55.16,0.697,0.424,0.746
Benin,2021,5.045,8.087,0.489,54.713,0.757,-0.034,0.661
Laos,2021,5.03,8.947,0.728,58.968,0.91,0.123,0.658
Bangladesh,2021,5.025,8.454,0.693,64.8,0.877,-0.041,0.682
Guinea,2021,4.984,7.838,0.639,55.008,0.697,0.095,0.766
South Africa,2021,4.956,9.403,0.86,56.904,0.749,-0.067,0.86
Turkey,2021,4.948,10.24,0.822,67.199,0.576,-0.139,0.776
Pakistan,2021,4.934,8.458,0.651,58.709,0.726,0.098,0.787
Morocco,2021,4.918,8.903,0.56,66.208,0.774,-0.236,0.801
Venezuela,2021,4.892,9.073,0.861,66.7,0.615,-0.169,0.827
Georgia,2021,4.891,9.585,0.671,64.3,0.783,-0.238,0.655
Algeria,2021,4.887,9.342,0.802,66.005,0.48,-0.067,0.752
Ukraine,2021,4.875,9.436,0.888,64.902,0.724,-0.011,0.924
Iraq,2021,4.854,9.24,0.746,60.583,0.63,-0.053,0.875
Gabon,2021,4.852,9.603,0.776,59.962,0.731,-0.2,0.84
Burkina Faso,2021,4.834,7.678,0.672,54.151,0.695,-0.009,0.748
Cambodia,2021,4.83,8.36,0.765,62,0.959,0.034,0.843
Mozambique,2021,4.794,7.158,0.744,54.706,0.882,0.061,0.684
Nigeria,2021,4.759,8.533,0.74,50.102,0.737,0.037,0.878
Mali,2021,4.723,7.744,0.724,51.969,0.697,-0.036,0.827
Iran,2021,4.721,9.584,0.71,66.3,0.608,0.218,0.714
Uganda,2021,4.636,7.677,0.781,56.101,0.709,0.122,0.855
Liberia,2021,4.625,7.288,0.72,56.498,0.735,0.05,0.85
Kenya,2021,4.607,8.361,0.688,60.704,0.779,0.287,0.825
Tunisia,2021,4.596,9.266,0.691,67.201,0.656,-0.201,0.87
Lebanon,2021,4.584,9.626,0.848,67.355,0.525,-0.073,0.898
Namibia,2021,4.574,9.161,0.818,56.799,0.719,-0.149,0.847
Palestinian Territories,2021,4.517,8.485,0.826,62.25,0.653,-0.163,0.821
Myanmar,2021,4.426,8.541,0.779,59.302,0.876,0.509,0.66
Jordan,2021,4.395,9.182,0.767,67,0.755,-0.167,0.705
Chad,2021,4.355,7.364,0.619,48.478,0.579,0.041,0.807
Sri Lanka,2021,4.325,9.47,0.827,67.299,0.841,0.079,0.863
Swaziland,2021,4.308,9.065,0.77,50.833,0.647,-0.185,0.708
Comoros,2021,4.289,8.031,0.626,57.349,0.548,0.082,0.781
Egypt,2021,4.283,9.367,0.75,61.998,0.749,-0.182,0.795
Ethiopia,2021,4.275,7.694,0.764,59,0.752,0.082,0.761
Mauritania,2021,4.227,8.542,0.795,57.161,0.561,-0.106,0.731
Madagascar,2021,4.208,7.396,0.686,59.305,0.552,-0.005,0.803
Togo,2021,4.107,7.362,0.569,54.914,0.619,0.032,0.772
Zambia,2021,4.073,8.145,0.708,55.809,0.782,0.061,0.823
Sierra Leone,2021,3.849,7.434,0.63,51.651,0.717,0.084,0.866
India,2021,3.819,8.755,0.603,60.633,0.893,0.089,0.774
Burundi,2021,3.775,6.635,0.49,53.4,0.626,-0.024,0.607
Yemen,2021,3.658,7.578,0.832,57.122,0.602,-0.147,0.8
Tanzania,2021,3.623,7.876,0.702,57.999,0.833,0.183,0.577
Haiti,2021,3.615,7.477,0.54,55.7,0.593,0.422,0.721
Malawi,2021,3.6,6.958,0.537,57.948,0.78,0.038,0.729
Lesotho,2021,3.512,7.926,0.787,48.7,0.715,-0.131,0.915
Botswana,2021,3.467,9.782,0.784,59.269,0.824,-0.246,0.801
Rwanda,2021,3.415,7.676,0.552,61.4,0.897,0.061,0.167
Zimbabwe,2021,3.145,7.943,0.75,56.201,0.677,-0.047,0.821
Afghanistan,2021,2.523,7.695,0.463,52.493,0.382,-0.102,0.924
Finland,2022,7.821,1.892,1.258,0.775,0.736,0.109,0.534
Denmark,2022,7.636,1.953,1.243,0.777,0.719,0.188,0.532
Iceland,2022,7.557,1.936,1.32,0.803,0.718,0.27,0.191
Switzerland,2022,7.512,2.026,1.226,0.822,0.677,0.147,0.461
Netherlands,2022,7.415,1.945,1.206,0.787,0.651,0.271,0.419
Luxembourg*,2022,7.404,2.209,1.155,0.79,0.7,0.12,0.388
Sweden,2022,7.384,1.92,1.204,0.803,0.724,0.218,0.512
Norway,2022,7.365,1.997,1.239,0.786,0.728,0.217,0.474
Israel,2022,7.364,1.826,1.221,0.818,0.568,0.155,0.143
New Zealand,2022,7.2,1.852,1.235,0.752,0.68,0.245,0.483
Austria,2022,7.163,1.931,1.165,0.774,0.623,0.193,0.329
Australia,2022,7.162,1.9,1.203,0.772,0.676,0.258,0.341
Ireland,2022,7.041,2.129,1.166,0.779,0.627,0.19,0.408
Germany,2022,7.034,1.924,1.088,0.776,0.585,0.163,0.358
Canada,2022,7.025,1.886,1.188,0.783,0.659,0.217,0.368
United States,2022,6.977,1.982,1.182,0.628,0.574,0.22,0.177
United Kingdom,2022,6.943,1.867,1.143,0.75,0.597,0.289,0.329
Czechia,2022,6.92,1.815,1.26,0.715,0.66,0.158,0.048
Belgium,2022,6.805,1.907,1.106,0.764,0.492,0.049,0.204
France,2022,6.687,1.863,1.219,0.808,0.567,0.07,0.266
Bahrain,2022,6.647,1.854,1.029,0.625,0.693,0.199,0.155
Slovenia,2022,6.63,1.81,1.249,0.769,0.685,0.118,0.115
Costa Rica,2022,6.582,1.584,1.054,0.744,0.661,0.089,0.102
United Arab Emirates,2022,6.576,1.998,0.98,0.633,0.702,0.204,0.25
Saudi Arabia,2022,6.523,1.87,1.092,0.577,0.651,0.078,0.18
Taiwan Province of China,2022,6.512,1.897,1.095,0.733,0.542,0.075,0.168
Singapore,2022,6.48,2.149,1.127,0.851,0.672,0.163,0.587
Romania,2022,6.477,1.719,1.006,0.655,0.605,0.039,0.006
Spain,2022,6.476,1.808,1.211,0.808,0.505,0.101,0.149
Uruguay,2022,6.474,1.615,1.18,0.672,0.665,0.103,0.265
Italy,2022,6.467,1.834,1.052,0.801,0.412,0.085,0.059
Kosovo,2022,6.455,1.362,0.949,0.569,0.599,0.309,0.035
Malta,2022,6.447,1.838,1.169,0.789,0.679,0.174,0.166
Lithuania,2022,6.446,1.804,1.204,0.659,0.496,0.053,0.077
Slovakia,2022,6.391,1.736,1.232,0.707,0.479,0.118,0.025
Estonia,2022,6.341,1.793,1.232,0.728,0.689,0.123,0.333
Panama,2022,6.309,1.715,1.107,0.709,0.592,0.049,0.051
Brazil,2022,6.293,1.462,1.044,0.615,0.546,0.131,0.134
Guatemala*,2022,6.262,1.274,0.831,0.522,0.662,0.112,0.115
Kazakhstan,2022,6.234,1.668,1.22,0.611,0.584,0.134,0.157
Cyprus,2022,6.221,1.815,0.909,0.819,0.448,0.123,0.062
Latvia,2022,6.18,1.732,1.221,0.637,0.502,0.075,0.09
Serbia,2022,6.178,1.55,1.086,0.658,0.546,0.219,0.088
Chile,2022,6.172,1.651,1.08,0.748,0.46,0.124,0.069
Nicaragua,2022,6.165,1.105,1.029,0.617,0.617,0.168,0.212
Mexico,2022,6.128,1.552,0.886,0.623,0.621,0.092,0.115
Croatia,2022,6.125,1.705,1.183,0.709,0.535,0.109,0
Poland,2022,6.123,1.758,1.174,0.712,0.523,0.124,0.14
El Salvador,2022,6.12,1.265,0.768,0.607,0.666,0.089,0.212
Kuwait*,2022,6.106,1.904,0.983,0.747,0.617,0.087,0.147
Hungary,2022,6.086,1.748,1.233,0.668,0.485,0.078,0.064
Mauritius,2022,6.071,1.591,1.116,0.568,0.589,0.131,0.107
Uzbekistan,2022,6.063,1.219,1.092,0.6,0.716,0.283,0.24
Japan,2022,6.039,1.835,1.089,0.866,0.537,0.007,0.218
Honduras,2022,6.022,1.111,0.885,0.555,0.582,0.202,0.076
Portugal,2022,6.016,1.76,1.078,0.777,0.655,0.016,0.039
Argentina,2022,5.967,1.592,1.102,0.662,0.555,0.081,0.085
Greece,2022,5.948,1.703,0.98,0.774,0.249,0.015,0.108
South Korea,2022,5.935,1.851,0.886,0.841,0.414,0.111,0.176
Philippines,2022,5.904,1.268,0.912,0.514,0.678,0.107,0.142
Thailand,2022,5.891,1.535,1.096,0.697,0.617,0.321,0.026
Moldova,2022,5.857,1.417,1.008,0.597,0.561,0.102,0.028
Jamaica,2022,5.85,1.296,1.045,0.646,0.567,0.08,0.053
Kyrgyzstan,2022,5.828,1.069,1.109,0.638,0.693,0.208,0.025
Belarus*,2022,5.821,1.562,1.157,0.629,0.342,0.04,0.282
Colombia,2022,5.781,1.452,0.929,0.72,0.545,0.087,0.077
Bosnia and Herzegovina,2022,5.768,1.468,1.068,0.665,0.448,0.244,0.006
Mongolia,2022,5.761,1.393,1.197,0.467,0.398,0.247,0.059
Dominican Republic,2022,5.737,1.538,1.003,0.577,0.606,0.084,0.179
Malaysia,2022,5.711,1.689,0.938,0.62,0.654,0.213,0.126
Bolivia,2022,5.6,1.256,0.88,0.555,0.627,0.112,0.064
China,2022,5.585,1.508,0.958,0.705,0.656,0.099,0.142
Paraguay,2022,5.578,1.409,1.13,0.624,0.629,0.171,0.059
Peru,2022,5.559,1.397,0.865,0.735,0.545,0.09,0.037
Montenegro,2022,5.547,1.573,1.023,0.659,0.46,0.135,0.077
Ecuador,2022,5.533,1.352,0.879,0.708,0.565,0.08,0.083
Vietnam,2022,5.485,1.252,0.932,0.611,0.707,0.143,0.105
Turkmenistan*,2022,5.474,1.484,1.319,0.516,0.649,0.314,0.032
North Cyprus*,2022,5.467,1.815,0.888,0.819,0.523,0.13,0.213
Russia,2022,5.459,1.685,1.095,0.586,0.401,0.117,0.08
Hong Kong S.A.R. of China,2022,5.425,1.957,0.954,0.942,0.4,0.147,0.383
Armenia,2022,5.399,1.434,0.82,0.668,0.558,0.054,0.21
Tajikistan,2022,5.377,0.966,1.005,0.518,0.572,0.118,0.304
Nepal,2022,5.377,0.984,0.784,0.499,0.519,0.237,0.13
Bulgaria,2022,5.371,1.625,1.163,0.64,0.563,0.123,0.021
Libya*,2022,5.33,1.476,0.943,0.606,0.477,0.106,0.179
Indonesia,2022,5.24,1.382,0.883,0.539,0.62,0.468,0.047
Ivory Coast,2022,5.235,1.094,0.442,0.322,0.451,0.149,0.124
North Macedonia,2022,5.199,1.505,0.863,0.637,0.488,0.215,0.031
Albania,2022,5.199,1.439,0.646,0.719,0.511,0.138,0.028
South Africa,2022,5.194,1.425,1.088,0.361,0.442,0.089,0.046
Azerbaijan*,2022,5.173,1.458,1.093,0.56,0.601,0.023,0.341
Gambia*,2022,5.164,0.785,0.621,0.369,0.367,0.388,0.103
Bangladesh,2022,5.155,1.06,0.614,0.581,0.622,0.125,0.187
Laos,2022,5.14,1.239,0.654,0.479,0.679,0.197,0.184
Algeria,2022,5.122,1.363,0.97,0.643,0.146,0.106,0.15
Liberia*,2022,5.122,0.636,0.67,0.309,0.405,0.178,0.08
Ukraine,2022,5.084,1.411,1.081,0.583,0.473,0.188,0.017
Congo,2022,5.075,0.95,0.405,0.355,0.431,0.13,0.146
Morocco,2022,5.06,1.208,0.268,0.565,0.492,0.02,0.102
Mozambique,2022,5.048,0.578,0.66,0.191,0.593,0.185,0.2
Cameroon,2022,5.048,0.968,0.672,0.317,0.397,0.152,0.074
Senegal,2022,5.046,0.933,0.53,0.447,0.494,0.143,0.081
Niger*,2022,5.003,0.57,0.56,0.326,0.571,0.165,0.145
Georgia,2022,4.973,1.467,0.612,0.595,0.508,0,0.208
Gabon,2022,4.958,1.459,0.738,0.396,0.343,0.032,0.099
Iraq,2022,4.941,1.289,0.682,0.554,0.328,0.147,0.046
Venezuela,2022,4.925,0,0.968,0.578,0.283,0.225,0.082
Guinea,2022,4.891,0.848,0.566,0.275,0.334,0.214,0.116
Iran,2022,4.888,1.41,0.741,0.642,0.281,0.241,0.146
Ghana,2022,4.872,1.112,0.595,0.409,0.5,0.23,0.056
Turkey,2022,4.744,1.707,0.865,0.702,0.209,0.087,0.115
Burkina Faso,2022,4.67,0.779,0.565,0.32,0.382,0.186,0.126
Cambodia,2022,4.64,1.019,0.732,0.505,0.74,0.166,0.068
Benin,2022,4.623,0.932,0.064,0.335,0.479,0.127,0.23
Comoros*,2022,4.609,0.899,0.476,0.424,0.185,0.195,0.125
Uganda,2022,4.603,0.777,0.875,0.418,0.402,0.222,0.066
Nigeria,2022,4.552,1.079,0.732,0.3,0.444,0.175,0.038
Kenya,2022,4.543,1.032,0.605,0.401,0.44,0.322,0.082
Tunisia,2022,4.516,1.35,0.596,0.656,0.316,0.029,0.029
Pakistan,2022,4.516,1.049,0.413,0.374,0.448,0.181,0.112
Palestinian Territories*,2022,4.483,1.148,0.957,0.521,0.336,0.073,0.079
Mali,2022,4.479,0.792,0.483,0.311,0.35,0.128,0.042
Namibia,2022,4.459,1.292,0.877,0.354,0.384,0.067,0.071
"Eswatini, Kingdom of*",2022,4.396,1.274,0.786,0.197,0.259,0.038,0.154
Myanmar,2022,4.394,1.038,0.829,0.491,0.513,0.452,0.194
Sri Lanka,2022,4.362,1.415,0.934,0.66,0.529,0.15,0.079
Madagascar*,2022,4.339,0.67,0.645,0.378,0.202,0.143,0.154
Egypt,2022,4.288,1.388,0.732,0.548,0.469,0.041,0.254
Chad*,2022,4.251,0.662,0.506,0.225,0.18,0.182,0.077
Ethiopia,2022,4.241,0.788,0.809,0.457,0.472,0.205,0.136
Yemen*,2022,4.197,0.691,1.043,0.384,0.33,0.09,0.098
Mauritania*,2022,4.153,1.1,0.865,0.45,0.304,0.088,0.138
Jordan,2022,4.152,1.324,0.724,0.675,0.476,0.058,0.2
Togo,2022,4.112,0.771,0.322,0.36,0.292,0.174,0.132
India,2022,3.777,1.167,0.376,0.471,0.647,0.198,0.123
Zambia,2022,3.76,0.93,0.577,0.306,0.525,0.203,0.083
Malawi,2022,3.75,0.648,0.279,0.388,0.477,0.14,0.157
Tanzania,2022,3.702,0.848,0.597,0.425,0.578,0.248,0.27
Sierra Leone,2022,3.574,0.686,0.416,0.273,0.387,0.202,0.055
Lesotho*,2022,3.512,0.839,0.848,0,0.419,0.076,0.018
Botswana*,2022,3.471,1.503,0.815,0.28,0.571,0.012,0.102
Rwanda*,2022,3.268,0.785,0.133,0.462,0.621,0.187,0.544
Zimbabwe,2022,2.995,0.947,0.69,0.27,0.329,0.106,0.105
Lebanon,2022,2.955,1.392,0.498,0.631,0.103,0.082,0.034
Afghanistan,2022,2.404,0.758,0,0.289,0,0.089,0.005
Finland,2023,7.804,10.792,0.969,71.15,0.961,-0.019,0.182
Denmark,2023,7.586,10.962,0.954,71.25,0.934,0.134,0.196
Iceland,2023,7.53,10.896,0.983,72.05,0.936,0.211,0.668
Israel,2023,7.473,10.639,0.943,72.697,0.809,-0.023,0.708
Netherlands,2023,7.403,10.942,0.93,71.55,0.887,0.213,0.379
Sweden,2023,7.395,10.883,0.939,72.15,0.948,0.165,0.202
Norway,2023,7.315,11.088,0.943,71.5,0.947,0.141,0.283
Switzerland,2023,7.24,11.164,0.92,72.9,0.891,0.027,0.266
Luxembourg,2023,7.228,11.66,0.879,71.675,0.915,0.024,0.345
New Zealand,2023,7.123,10.662,0.952,70.35,0.887,0.175,0.271
Austria,2023,7.097,10.899,0.888,71.15,0.855,0.102,0.497
Australia,2023,7.095,10.821,0.934,71.05,0.89,0.198,0.496
Canada,2023,6.961,10.773,0.929,71.4,0.874,0.153,0.42
Ireland,2023,6.911,11.527,0.905,71.3,0.874,0.092,0.358
United States,2023,6.894,11.048,0.919,65.85,0.8,0.137,0.689
Germany,2023,6.892,10.879,0.896,71.3,0.846,0.03,0.42
Belgium,2023,6.859,10.844,0.915,70.899,0.825,0.001,0.549
Czechia,2023,6.845,10.611,0.953,69.05,0.903,0.04,0.859
United Kingdom,2023,6.796,10.704,0.882,70.3,0.852,0.253,0.454
Lithuania,2023,6.763,10.568,0.939,67.397,0.748,-0.145,0.805
France,2023,6.661,10.701,0.909,72.3,0.819,-0.1,0.553
Slovenia,2023,6.65,10.588,0.951,71.052,0.913,0.014,0.771
Costa Rica,2023,6.609,9.952,0.872,70,0.895,-0.07,0.768
Romania,2023,6.589,10.339,0.848,67.051,0.856,-0.172,0.929
Singapore,2023,6.587,11.571,0.878,73.8,0.878,0.063,0.146
United Arab Emirates,2023,6.571,11.145,0.826,66.243,0.942,0.096,0.584
Taiwan Province of China,2023,6.535,10.797,0.884,69.6,0.804,-0.129,0.681
Uruguay,2023,6.494,10.037,0.913,67.5,0.895,-0.065,0.575
Slovakia,2023,6.469,10.353,0.953,68.838,0.753,-0.016,0.898
Saudi Arabia,2023,6.463,10.715,0.884,64.399,0.894,-0.081,0.691
Estonia,2023,6.455,10.541,0.946,69.65,0.929,0.032,0.409
Spain,2023,6.436,10.54,0.932,72.35,0.782,-0.066,0.711
Italy,2023,6.405,10.634,0.882,72.05,0.711,-0.074,0.842
Kosovo,2023,6.368,9.359,0.844,65.195,0.861,0.259,0.866
Chile,2023,6.334,10.114,0.889,70.3,0.792,-0.011,0.823
Mexico,2023,6.33,9.85,0.804,65.8,0.856,-0.094,0.768
Malta,2023,6.3,10.661,0.923,71.6,0.886,0.119,0.729
Panama,2023,6.265,10.305,0.896,68.95,0.855,-0.133,0.878
Poland,2023,6.26,10.453,0.925,69.049,0.765,-0.031,0.736
Nicaragua,2023,6.259,8.618,0.853,65.65,0.877,0.021,0.625
Latvia,2023,6.213,10.37,0.937,66.4,0.818,-0.056,0.83
Bahrain,2023,6.173,10.776,0.844,65.825,0.944,0.117,0.737
Guatemala,2023,6.15,9.116,0.812,62.9,0.856,-0.057,0.837
Kazakhstan,2023,6.144,10.166,0.931,65.802,0.853,0,0.721
Serbia,2023,6.144,9.854,0.873,67.088,0.845,0.204,0.816
Cyprus,2023,6.13,10.611,0.826,72.802,0.724,-0.06,0.86
Japan,2023,6.129,10.616,0.894,74.349,0.799,-0.237,0.64
Croatia,2023,6.125,10.341,0.917,68.95,0.757,-0.093,0.925
Brazil,2023,6.125,9.582,0.836,65.749,0.801,-0.009,0.738
El Salvador,2023,6.122,9.089,0.755,65.597,0.918,-0.108,0.62
Hungary,2023,6.041,10.419,0.943,67.5,0.758,-0.059,0.839
Argentina,2023,6.024,9.959,0.891,67.2,0.823,-0.089,0.814
Honduras,2023,6.023,8.635,0.766,64.063,0.843,0.097,0.843
Uzbekistan,2023,6.014,8.948,0.875,65.301,0.938,0.23,0.638
Malaysia,2023,6.012,10.169,0.799,65.662,0.877,0.16,0.758
Portugal,2023,5.968,10.429,0.878,71.25,0.902,-0.196,0.878
South Korea,2023,5.951,10.693,0.812,73.65,0.717,-0.046,0.701
Greece,2023,5.931,10.288,0.835,71.15,0.568,-0.24,0.793
Mauritius,2023,5.902,9.957,0.888,63.85,0.813,-0.028,0.775
Thailand,2023,5.843,9.751,0.874,68.45,0.85,0.289,0.91
Mongolia,2023,5.84,9.372,0.933,60.5,0.701,0.19,0.849
Kyrgyzstan,2023,5.825,8.486,0.911,66.852,0.934,0.181,0.904
Moldova,2023,5.819,9.499,0.857,65.299,0.84,-0.08,0.901
China,2023,5.818,9.738,0.836,68.689,0.882,-0.041,0.727
Vietnam,2023,5.763,9.287,0.821,65.502,0.939,-0.004,0.759
Paraguay,2023,5.738,9.51,0.906,65.9,0.891,0.021,0.843
Montenegro,2023,5.722,9.813,0.89,67.1,0.805,0.063,0.844
Jamaica,2023,5.703,9.165,0.867,66.6,0.822,-0.106,0.875
Bolivia,2023,5.684,8.985,0.811,63.599,0.868,-0.063,0.846
Russia,2023,5.661,10.21,0.889,64.947,0.719,-0.03,0.801
Bosnia and Herzegovina,2023,5.633,9.616,0.88,67.275,0.746,0.206,0.918
Colombia,2023,5.63,9.584,0.822,69.35,0.804,-0.104,0.834
Dominican Republic,2023,5.569,9.811,0.827,64.399,0.85,-0.099,0.657
Ecuador,2023,5.559,9.27,0.806,69,0.802,-0.108,0.833
Peru,2023,5.526,9.402,0.798,69.85,0.794,-0.119,0.892
Philippines,2023,5.523,8.979,0.78,62.038,0.919,-0.06,0.732
Bulgaria,2023,5.466,10.087,0.918,66.5,0.801,-0.057,0.911
Nepal,2023,5.36,8.256,0.748,61.847,0.808,0.146,0.783
Armenia,2023,5.342,9.615,0.79,67.789,0.796,-0.155,0.705
Tajikistan,2023,5.33,8.237,0.836,62.226,0.832,-0.06,0.522
Algeria,2023,5.329,9.3,0.855,66.549,0.571,-0.117,0.717
Hong Kong S.A.R. of China,2023,5.308,10.966,0.817,77.28,0.687,-0.026,0.385
Albania,2023,5.277,9.567,0.718,69.15,0.794,-0.007,0.878
Indonesia,2023,5.277,9.385,0.804,63.048,0.88,0.531,0.876
South Africa,2023,5.275,9.478,0.907,56.989,0.73,-0.087,0.902
Congo (Brazzaville),2023,5.267,8.095,0.605,56.85,0.73,-0.004,0.739
North Macedonia,2023,5.254,9.703,0.805,66.5,0.769,0.131,0.902
Venezuela,2023,5.211,5.527,0.839,64.05,0.659,0.128,0.811
Laos,2023,5.111,8.962,0.679,60.946,0.919,0.091,0.703
Georgia,2023,5.109,9.646,0.716,64.95,0.786,-0.254,0.649
Guinea,2023,5.072,7.88,0.649,54.185,0.659,0.125,0.787
Ukraine,2023,5.071,9.314,0.878,64.55,0.795,0.24,0.907
Ivory Coast,2023,5.053,8.576,0.572,55.953,0.733,0.003,0.746
Gabon,2023,5.035,9.537,0.746,58.252,0.642,-0.187,0.786
Nigeria,2023,4.981,8.496,0.74,54.891,0.718,0.073,0.911
Cameroon,2023,4.973,8.217,0.686,55.847,0.686,0.015,0.846
Mozambique,2023,4.954,7.116,0.692,51.53,0.851,0.047,0.66
Iraq,2023,4.941,9.098,0.718,63.415,0.646,-0.005,0.876
State of Palestine,2023,4.908,8.716,0.859,,0.694,-0.132,0.836
Morocco,2023,4.903,8.973,0.553,63.901,0.787,-0.231,0.811
Iran,2023,4.876,9.61,0.778,66.6,0.593,0.173,0.747
Senegal,2023,4.855,8.155,0.629,59.999,0.772,0.011,0.846
Mauritania,2023,4.724,8.591,0.644,60.475,0.622,-0.013,0.657
Burkina Faso,2023,4.638,7.667,0.663,55.461,0.696,0.095,0.771
Namibia,2023,4.631,9.121,0.787,56.851,0.669,-0.126,0.83
Turkiye,2023,4.614,10.307,0.796,68.663,0.475,-0.077,0.795
Ghana,2023,4.605,8.596,0.641,58.763,0.777,0.139,0.881
Pakistan,2023,4.555,8.54,0.601,57.313,0.766,0.008,0.787
Niger,2023,4.501,7.091,0.59,56.55,0.788,0.032,0.734
Tunisia,2023,4.497,9.244,0.73,67,0.576,-0.213,0.907
Kenya,2023,4.487,8.458,0.69,58.499,0.696,0.288,0.852
Sri Lanka,2023,4.442,9.491,0.826,67.15,0.787,-0.03,0.808
Uganda,2023,4.432,7.716,0.794,58.913,0.701,0.114,0.857
Chad,2023,4.397,7.261,0.722,53.125,0.677,0.221,0.807
Cambodia,2023,4.393,8.385,0.747,61.9,0.958,0.073,0.857
Benin,2023,4.374,8.103,0.437,56.095,0.743,-0.043,0.576
Myanmar,2023,4.372,8.404,0.787,61.388,0.727,0.491,0.658
Bangladesh,2023,4.282,8.685,0.544,64.548,0.845,0.005,0.698
Gambia,2023,4.279,7.648,0.584,57.9,0.596,0.364,0.883
Mali,2023,4.198,7.655,0.593,55.403,0.713,-0.028,0.846
Egypt,2023,4.17,9.367,0.726,63.503,0.732,-0.183,0.58
Togo,2023,4.137,7.673,0.595,57.449,0.657,0.024,0.74
Jordan,2023,4.12,9.13,0.729,67.6,0.77,-0.15,0.687
Ethiopia,2023,4.091,7.739,0.782,60.698,0.72,0.273,0.789
Liberia,2023,4.042,7.277,0.596,56.7,0.735,0.154,0.83
India,2023,4.036,8.759,0.608,60.777,0.897,0.072,0.774
Madagascar,2023,4.019,7.29,0.65,58.05,0.522,0.075,0.742
Zambia,2023,3.982,8.074,0.694,55.032,0.791,0.098,0.818
Tanzania,2023,3.694,7.857,0.653,59.401,0.838,0.182,0.554
Comoros,2023,3.545,8.075,0.471,59.425,0.47,-0.014,0.727
Malawi,2023,3.495,7.302,0.531,58.475,0.75,0.005,0.749
Botswana,2023,3.435,9.629,0.753,54.725,0.742,-0.215,0.83
Congo (Kinshasa),2023,3.207,7.007,0.652,55.375,0.664,0.086,0.834
Zimbabwe,2023,3.204,7.641,0.69,54.05,0.654,-0.046,0.766
Sierra Leone,2023,3.138,7.394,0.555,54.9,0.66,0.105,0.858
Lebanon,2023,2.392,9.478,0.53,66.149,0.474,-0.141,0.891
Afghanistan,2023,1.859,7.324,0.341,54.712,0.382,-0.081,0.847
